,RMSE,MAE,MAPE,R²,Directional_Accuracy
Vanilla LSTM,0.5895723765087064,0.5124537296492462,12.808974738092518,-0.40586525461876777,38.59649122807017
BiLSTM Attention,0.37647559543330844,0.3242913229319734,8.46574311801214,0.42675127024268356,50.877192982456144
CNN-LSTM,0.4648479601019908,0.37553987107718584,10.27945166528405,0.1260405104721155,54.385964912280706
Transformer,0.5431430561411396,0.4590600855485975,12.112857088384866,-0.19315786030830617,36.84210526315789
